{"cameraMode":{"drawMode":0,"name":"Shaded","section":"Shading Mode"},"sceneLighting":true,"audioPlay":false,"sceneViewState":{"showFog":true,"showMaterialUpdate":false,"showSkybox":true,"showFlares":true,"showImageEffects":true,"showParticleSystems":true},"in2DMode":false,"pivot":{"x":-0.21091890335083009,"y":1.3671355247497559,"z":-4.5413384437561039},"rotation":{"x":0.11527645587921143,"y":0.6902744770050049,"z":-0.11281326413154602,"w":0.7053419351577759},"size":1.0607662200927735,"orthographic":false}