{"cameraMode":{"drawMode":0,"name":"Shaded","section":"Shading Mode"},"sceneLighting":false,"audioPlay":false,"sceneViewState":{"showFog":true,"showMaterialUpdate":false,"showSkybox":false,"showFlares":true,"showImageEffects":true,"showParticleSystems":true},"in2DMode":false,"pivot":{"x":-0.7009832859039307,"y":0.5,"z":-2.4378457069396974},"rotation":{"x":0.13359269499778748,"y":0.6737315654754639,"z":-0.1257336288690567,"w":0.7158430218696594},"size":0.4330126941204071,"orthographic":false}